{"cameraMode":{"drawMode":0,"name":"Shaded","section":"Shading Mode"},"sceneLighting":false,"audioPlay":false,"sceneViewState":{"m_AlwaysRefresh":false,"showFog":true,"showSkybox":false,"showFlares":true,"showImageEffects":true,"showParticleSystems":true,"showVisualEffectGraphs":true,"m_FxEnabled":true},"in2DMode":false,"pivot":{"x":-17.593517303466798,"y":0.10781288146972656,"z":4.062615394592285},"rotation":{"x":0.069947250187397,"y":0.14968203008174897,"z":-0.010631265118718148,"w":0.9862202405929565},"size":0.8660253882408142,"orthographic":false}